{
  "contacts": [
    {
      "id": 1,
      "cid": "08142025001",
      "fullName": "Aquino, Jaime R.",
      "email": "example@email.com",
      "contactNumber": "09123456781",
      "location": "Cebu",
      "registeredDate": "08/14/2025"
    },
    {
      "id": 1755176949753,
      "cid": "08142025002",
      "fullName": "Aquino, Yza S.",
      "email": "yza@gmail.com",
      "contactNumber": "09120329481",
      "location": "Manila",
      "registeredDate": "08/14/2025"
    },
    {
      "id": 1755177159367,
      "cid": "08142025003",
      "fullName": "Nicole, Suarez G.",
      "email": "nicole@gmail.com",
      "contactNumber": "09182765179",
      "location": "Manila",
      "registeredDate": "08/14/2025"
    },
    {
      "id": 1755178000001,
      "cid": "08142025004",
      "fullName": "Santos, Maria L.",
      "email": "maria.santos@email.com",
      "contactNumber": "09187654321",
      "location": "Cebu",
      "registeredDate": "08/14/2025"
    },
    {
      "id": 1755178000002,
      "cid": "08142025005",
      "fullName": "Cruz, Juan D.",
      "email": "juan.cruz@email.com",
      "contactNumber": "09221234567",
      "location": "Manila",
      "registeredDate": "08/14/2025"
    },
    {
      "id": 1755178000003,
      "cid": "08142025006",
      "fullName": "Reyes, Anna K.",
      "email": "anna.reyes@email.com",
      "contactNumber": "09199887766",
      "location": "Cebu",
      "registeredDate": "08/14/2025"
    },
    {
      "id": 1755178000004,
      "cid": "08142025007",
      "fullName": "Garcia, Pedro M.",
      "email": "pedro.garcia@email.com",
      "contactNumber": "09334445566",
      "location": "Manila",
      "registeredDate": "08/14/2025"
    }
  ]
}